country,1960,1961,1962,1963,1964,1965,1966,1967,1968,1969,1970,1971,1972,1973,1974,1975,1976,1977,1978,1979,1980,1981,1982,1983,1984,1985,1986,1987,1988,1989,1990,1991,1992,1993,1994,1995,1996,1997,1998,1999,2000,2001,2002,2003,2004,2005,2006,2007,2008,2009,2010,2011,2012,2013,2014,2015,2016,2017
Afghanistan,41.4,41.9,44.5,46,48.5,53.8,57.1,61.4,61.8,56.5,54.9,49.6,54.9,57.3,59.8,65.4,64.8,65.5,65.9,67.2,69.3,69.8,68,64.3,57.7,49.4,52.7,55.2,57.5,66.8,68.2,67.8,71.7,78.7,84.6,93.2,102,109,115,97.6,78.5,94.6,90,96.7,95.1,84.3,86.2,90.9,93.7,97.6,100,101,95.9,95.5,101,104,103,105
Angola,24.8,25.6,26.2,27.9,29.2,30,31,31,32.6,35,35.8,35.5,36.6,37.2,40.8,37.2,38,39.2,40.2,41,41.9,43.6,44.3,45,46.1,47.5,47.6,47.9,48.3,49.6,50.1,53.4,54.5,53.5,50.3,58.9,62.5,66.8,67.3,72.1,73.4,75.4,76.2,67.8,74.9,76,80.1,83.7,85.2,89.7,92,94.8,99.1,97.7,101,101,101,102
Albania,22.9,23.3,23.1,22.8,23.5,24.3,27.5,25.6,25.9,26.6,28.1,27.5,28.8,29.6,29.8,31.8,32.5,35.9,37.2,38.2,39.8,39.9,40.3,39,38.4,38,40.5,44.2,46.6,51,49.8,56,60.2,70.9,80.2,81.6,72.1,73.4,77.5,81.9,83.7,86.1,89.4,92.5,89.8,91.4,94.9,87.3,87.8,89.8,93.4,96.7,98.5,98.3,100,101,101,106
United Arab Emirates,6.94,6.96,7.13,7.37,7.56,7.75,7.87,8.27,8.6,8.99,9.41,9.3,10.1,9.66,8.79,6.44,7.58,8.9,9.26,10.8,11.8,13.3,15.6,16.4,17.4,18.8,19.8,20.8,21.9,23.5,24.8,26.3,27.9,31.6,32.8,37.2,38.4,39.2,36.4,43.5,45.2,50.8,48.5,50,55.9,54.4,55.8,65.1,69.7,78.9,80.7,84.4,84.8,101,91.6,107,108,119
Argentina,59.2,63.5,68.5,57.7,57.9,65.4,69.1,69.9,76,70.4,59.7,63.6,62,62.3,68.2,75.6,76.8,82.3,79.6,76,77.9,70.7,68.6,70.8,76.2,79.2,73,70.6,72.5,79.5,78.1,76.5,80.2,82.1,82.1,81.7,82.6,79.7,87.3,86.5,81,76.8,79.3,87.1,94.5,95.5,98.5,99.1,105,92.5,93.5,96,100,98.1,103,98.7,103,108
Armenia,,,,,,,,,,,,,,,,,,,,,,,,,,,,,,,,58.7,52,51.9,53.5,54,54,56.2,55.9,57.6,56.7,58.7,62.1,66.8,70.3,75.8,79.5,83,81.8,81,80.9,82.1,87.8,95,101,104,106,101
American Samoa,116,102,129,159,193,193,125,108,95.2,93.2,84.7,86,85.7,93.4,92.8,104,105,97.1,97.7,113,96.1,94.4,94.1,94.5,94.8,95.7,95.9,96,96.7,96.9,97.7,98,98.8,98.7,98.7,98.7,98.7,99.4,99.4,99.4,99.5,99.5,99.1,98.9,98.1,99.5,101,99.6,100,101,98.6,98.3,98.1,100,100,100,99.9,100
Antigua and Barbuda,97,72.4,89.2,107,101,102,92.6,93.8,101,102,131,127,122,120,103,109,121,163,180,216,199,192,200,196,233,234,235,235,203,213,253,225,254,256,233,226,222,221,246,249,262,240,271,273,279,281,258,258,238,101,108,96,98.9,103,97.8,98.8,102,95.1
Australia,49.8,54.5,57,59.3,60.2,58.4,58.4,59.6,62.3,67.3,68.7,73.3,71.2,63.2,69.6,75.4,76.3,79,76.5,70.2,68.7,69.7,70.3,66.3,68.7,72.3,76.7,78.2,76.8,83.6,83.4,81.7,83.1,84.2,81.8,80.2,83.3,87,89.3,91.2,91.1,92.1,85.9,87.5,88,91,90.6,87.6,86.7,85.7,86.2,88.3,94.9,101,102,97.2,91,95.3
Austria,67.1,71,72.2,72.3,72.4,72.1,77.3,79.7,79.7,79.6,80.8,79.5,79.8,83.8,84.9,86.1,86.3,88,92.2,93.4,94.3,95.6,95.7,101,99.9,101,101,98.1,96.7,97.6,95.7,96.1,94.5,93.2,86.9,89.8,89.2,90.1,91.8,92.5,93.3,93,92.4,91.5,89.8,91.1,92.4,93.5,95.6,97.1,97.7,97.7,98,98.5,100,101,102,103
Azerbaijan,,,,,,,,,,,,,,,,,,,,,,,,,,,,,,,,46.5,41.3,38.6,39.1,40.9,43.7,47.3,49.5,51.7,53.9,56.7,59.8,62.9,64.7,66.8,70,72.2,80.4,86.1,88,91.8,95,97,99.3,104,105,107
Burundi,38.3,39,39.1,40.4,43.6,45.3,48.3,50.4,56.5,57.2,58.8,63.4,66,67.2,72.1,81.7,75.1,75.4,74.5,71.9,63,64.1,67,68.4,65.7,75,76.1,81.3,81.7,71.4,79.7,77,77.1,73,61.6,57.9,53.7,56.5,68,62.1,58,57,57.5,53.6,69.8,81.9,77.8,74.2,79.8,80.4,85.4,99.5,81.9,96.5,102,101,108,104
Belgium,,,,,,,,,,,,,,,,,,,,,,,,,,,,,,,,,,,,,,,,97.3,98.4,98.3,94.9,94,89.7,90.9,91.2,87.5,87.2,92.9,92.7,91.3,94.4,97.1,102,101,101,101
Benin,17.7,18.6,20.6,22.1,22.8,24.1,25.5,25.8,27.3,27.6,27.7,29.1,29.8,32.2,34.8,36,35.9,37.7,38.9,41.6,42.6,45.5,50.4,53.7,57.1,49.5,48.3,46,44,45,49.5,50.8,51.5,55.1,52.6,55.3,55.9,59.2,58.3,68,68.3,71.7,72,77.6,80.2,79.1,81.5,74.4,70.6,82.6,88.2,91.3,96.3,97.2,100,103,107,110
Burkina Faso,20.3,21.1,21.7,23,26.4,24.7,25.2,25.6,26.6,27.2,28.8,25.9,20.7,19.5,22.1,20.6,21,23.2,25.3,24.9,25.1,26.5,29.3,30.1,33.6,34.9,36.1,36.9,39.5,53.7,51.8,52.6,54,55.6,57.2,58.9,60.6,62.5,63.9,66.3,68.3,70.4,85.6,88.1,91.7,94.4,96,97.9,100,103,105,107,109,104,96,100,98.9,101
Bangladesh,26.7,27.9,28.9,30.1,30.8,31,31.9,32.8,33.9,35,35,35.1,34.8,35.6,36.4,38.1,38.7,44.3,45.5,32.7,33.5,34.7,35.8,36.2,39.9,41.4,42.6,44.5,45.4,48,45.3,47,49.3,51.9,54,56.7,60.5,60.1,61.6,63.1,64.3,67.3,69.8,71.6,75.3,77,79,81.5,81.8,85.7,88.4,91.3,92.7,98.4,101,101,109,111
Bulgaria,141,145,144,158,176,190,200,209,199,197,207,215,219,221,234,250,251,261,279,282,287,297,307,314,311,319,316,317,316,302,254,236,210,177,179,187,174,185,195,188,112,122,115,124,123,124,114,113,111,109,108,106,105,100,99.4,101,97.3,97.6
Bahrain,3.3,3.38,3.37,3.3,3.99,3.86,4.06,3.5,4.12,4.47,3.86,4.37,5.21,5.38,7.82,8.84,9.36,10.9,13.2,16.5,11.6,16.9,15.1,18.6,21.4,16.8,25.9,16.8,18.7,18.1,17.9,20.9,23.2,16.5,15.6,16.6,25.8,24,25.9,31.1,25.1,25.8,23.3,20.4,22.4,23.3,26,26.4,33,29,47.8,75.7,104,97.7,98.1,104,118,117
Bahamas,26.2,26.9,28.5,30.5,33.8,37.1,37.8,38,31.6,29.1,30.8,29.7,63.2,68.8,64.5,73.8,49,40.6,33.1,32.6,46.5,41.8,40.6,42.8,45.8,43.9,51.1,51.8,56.4,56.3,47.2,53,51.5,44.6,77,103,84.7,127,123,68.6,72.8,73.5,85.3,86,87,86.7,86.1,87.1,92,93.5,97.9,92,93.6,99,103,98,97.9,99
Bosnia and Herzegovina,,,,,,,,,,,,,,,,,,,,,,,,,,,,,,,,82.4,76.7,65.4,56.8,37.7,51.3,64.8,58.9,61.6,57.6,58,61.9,75.2,85.1,91.6,99.8,106,112,109,109,110,103,99.3,101,100,93.6,90.5
Belarus,,,,,,,,,,,,,,,,,,,,,,,,,,,,,,,,94.4,85.5,80.8,72.3,68.7,69.7,72.2,67.8,62.3,66,64.5,62.6,66.6,74.1,78.9,80.5,83.3,90.1,92.2,92.5,96.3,98.8,95.5,102,103,104,105
Belize,11.2,11.6,12.4,12.6,13.8,14.4,15.1,15.5,12.8,13.6,17.3,17.8,22.2,20.6,19.7,23.8,23.8,23.7,25.9,27.3,28.3,28,36.7,38,38,40.8,41.8,42.3,27.5,43,43.7,48,34.6,44.8,46.7,47.5,46.9,46.6,51.2,51.8,75.3,80.3,82.2,86.5,77.8,77.5,76,74.7,76.9,79,79.1,82.8,92.3,95.5,102,103,105,111
Bermuda,157,167,180,193,180,199,206,188,164,159,160,127,101,85.2,88.6,86.5,82.3,83.4,89.9,101,102,104,107,103,101,96.7,105,105,109,121,114,105,103,95.7,88.1,85.6,89.2,92.8,93.2,94,94.8,98,96.6,91.4,89.8,93.4,96,103,101,95.7,97.4,99.1,97.3,99.3,101,99.8,99.2,99.5
Bolivia,14.2,14.7,14.9,14.9,15.3,16,16.3,16.5,17.1,19.8,20.2,22.5,23.2,23.7,25.3,26.3,27.5,28,29.6,34.2,33.2,33.4,34.1,32.4,34.4,33.1,34.7,37.5,39.3,44.7,40.1,39.8,41.3,44.2,47,48.4,49.8,52.1,53.4,54.1,54.5,58,59.4,61.6,65.6,74,84.6,87.2,78.7,84.3,85.3,86.8,88.2,90.8,105,104,111,112
Brazil,11,11.2,11.3,12.2,12.8,12.9,13.2,14.4,15.1,15.5,15.4,16.8,17.7,17.5,18.7,20.3,20.5,21.6,22.9,25.4,26.2,26.6,27.5,28.1,28.9,30.2,32.2,34.2,35.4,35.8,39.1,41.1,42.5,45,49.6,52.9,53.1,54,58.6,61.3,63.5,67.6,70.4,75.7,78,81.2,84.8,87.5,87.2,90.6,92.7,94.3,97.9,99.9,100,99.9,102,107
Barbados,23.5,23.1,24.7,25.8,25.1,25.9,26.4,27.4,31.5,34.2,38.3,40.7,45,49.4,49.6,52.7,56.4,64.7,66.4,69.5,72.5,75.4,69.4,71,68,72.7,79.5,81.8,95,94.4,92,80.7,77.6,73.9,80.3,92.6,86.4,86.2,84.5,78.9,80.9,76.9,83.3,89.2,95,90.5,97.7,94.6,96.2,95.4,94.9,94.9,91.5,94.5,104,102,103,106
Brunei,4.73,7.89,7.23,5.81,4.7,5.17,5.06,5.79,6.63,7.49,8.46,6.65,7.26,10.6,9.25,10.4,11.3,9.95,11.1,14.9,16.7,18.3,19,20.3,31.2,24.2,16.9,13.6,16.7,12.4,14.9,23.4,23,24.8,24.8,19.9,28.7,35.1,44.8,50.9,60,67.6,65.5,61.3,42.6,79.2,83.5,86.3,86.4,90.7,98.1,100,109,101,97.9,101,98.9,100
Bhutan,16.8,18,19.1,19.6,20.1,20.4,21,21.4,22.1,22.6,23.2,23.7,24.1,24.9,25.6,26.3,26.9,27.6,28.1,29.1,29.8,30.8,32.1,33.4,34.6,33.8,35.1,35.4,36.7,38.9,109,102,101,103,112,111,112,112,120,110,102,109,104,105,114,113,112,99.2,104,104,103,103,104,104,97.5,98.8,101,96.5
Botswana,38.6,43.3,47.9,53.6,53.1,54,54.1,54,53.8,62.1,62.2,63.4,62,59.1,59.2,64,62.3,50.5,69.3,49.2,64.2,69.7,64.7,73.4,70,68.7,60.5,60.8,64.3,70.9,115,108,101,96.2,117,104,102,98.4,88.6,99.6,106,92.5,90.9,102,105,103,106,111,118,129,131,132,120,101,104,95.1,91.5,96.5
Central African Republic,9.76,10.1,10.4,10.6,11.1,11.1,12.3,11.7,13,13.8,14.6,14.8,15.4,16.1,17.5,17.1,18.4,20.2,19.6,22.2,23.6,25.5,28.1,28.6,31,32.4,37.7,40.2,41.1,41.7,43.3,45.3,46,47,50.2,58.9,53.4,54.5,55.1,66.3,66.7,68.7,67.4,72.6,74.6,76.7,81.5,82.6,84.6,88.4,93.8,95,96.9,98.4,98.8,103,105,105
Canada,57,56.8,57.4,59.8,64.3,63.7,63.6,65.4,64.3,66.4,66.2,67,65.5,66.1,68.2,72.2,73.1,71.6,69.3,72.6,73,75.6,75,76.5,78,76.7,76.1,80.2,80.4,82,72.1,73.8,72.7,76.1,78.2,80.5,83.6,89.1,94.3,96.1,98.1,100,97.5,107,106,103,102,103,101,103,99.9,98.9,98.2,98.8,98.7,103,105,107
Switzerland,68.6,70.4,70.2,69.2,71.3,72.9,75.7,79.5,77.9,79.8,79.5,80.3,82.3,86,85.5,89.2,90.2,90.3,94.2,96.7,94.4,96.3,96,98.5,99.8,100,98.8,95.9,98.5,98.5,99.7,97.6,95.9,93.2,95.4,93.4,91.9,93.6,93.1,90.2,93.3,93.9,93.1,93.1,93.9,94.5,95.2,97.1,98.6,100,101,100,98.9,100,100,99.3,98.2,99.7
Chile,24.4,25.9,27.3,25.3,27.6,29.5,29.9,33.4,34.2,35.5,30.6,25.2,25,35.3,38.2,36.2,34.4,34.2,35.9,38.2,42.4,41.7,40.5,38.9,38.4,39.9,41.3,44,47.7,51.9,52.1,53.1,58.4,63.3,67.4,69.4,72.4,74.8,73,75.3,80,78.8,79,84.5,87.9,96.3,97.3,101,96.4,96.9,99.7,104,99.1,99.2,100,100,96.2,97.7
China,3.52,3.94,5.23,6.25,6.95,7.46,7.81,7.82,7.81,7.87,8.78,9.56,9.78,9.83,10.1,10.2,10.5,11.3,13.2,14.6,15.2,16.2,16.9,19.4,21.2,22.4,24.6,27.3,28.9,31.2,34.7,38,42.5,48.3,55.5,54.5,59.2,64,67.4,68.8,70.1,72,75.1,77.8,81.7,84.1,84.1,88.2,91.3,93.6,94,97.4,98.5,100,99.9,100,101,101
Cote d'Ivoire,21.9,22.1,22.5,26.3,26.6,26.9,29.1,29.7,30.1,30.5,32.5,33,33.7,36.3,37.1,37.9,40.6,42,42.6,44.7,48.4,49.9,52.1,53,52.1,54.9,55,57.1,59.1,61.9,61,62.3,63.6,61.1,61.4,59.8,63.9,64.5,65.4,67.2,68.8,70.4,72.1,75.6,75.9,77.1,79.6,82.9,86.5,89.8,89.1,93.8,101,96.8,98.9,104,105,104
Cameroon,22.3,22.3,23,22.1,23.2,24.9,26.3,27.5,27.7,30.7,32.6,33.7,33.2,33.4,34.1,36.3,38.1,39.6,40.8,41.3,40.1,41.8,42.7,48.6,50,52.8,56.7,61.6,64,67.2,69.2,69.3,71,69.1,70.4,74.5,71.5,75.1,81.1,80.8,84.5,81.5,81.7,88.7,90.7,93.1,94.8,102,101,95.6,98,92.7,100,100,99.9,99.9,99.3,99.4
"Congo, Dem. Rep.",74.4,74.5,74.3,75.5,70.2,70.3,71.1,71.5,72.1,73.9,68.5,68.5,74.3,74.8,75.1,75.9,76,74.5,75.7,75.8,76.8,77.8,79.2,81,82.8,85.8,89.2,91.6,94.8,94.4,91.3,95.2,96.3,97.6,95.3,96.1,98.6,99.1,96.4,95.4,94,92.4,92.6,92.9,93.7,93.1,93.3,93.6,95.6,95.8,97.8,97.9,98.1,98.7,100,101,101,104
"Congo, Rep.",14.7,15,15.7,15.8,15.7,15.8,15.5,16,16.7,17.3,18.3,18.6,18.6,18.8,19.4,20.7,20.8,23.2,24.2,24,24.8,25.6,26.3,26.5,27.3,28.3,28.8,29,28.8,29.7,30.6,31.2,32.1,32.5,33.3,33.7,34.9,37.7,38.7,39.9,41.2,42.8,46.4,50.9,58.4,63.6,68.7,73.7,76.5,83.6,92.8,95.7,91.6,88.9,103,108,102,106
Colombia,23.6,25.2,25.9,26.7,27.6,26.3,26.4,27.1,28.2,30.2,32.7,31.6,30.8,32.4,35,38.7,38.7,38.4,40.6,40.4,42.9,42.9,40.1,42.3,42.9,44.2,44.8,49.2,53,57.1,57.8,54.5,56.5,59.7,64.9,65.2,66.8,68.7,67.3,70.4,71.2,72.1,72.4,75.3,79.3,84.9,87.2,94.4,86.2,85.9,89.2,94.3,96.7,98.6,101,100,103,104
Comoros,37,39.4,41.8,44.2,46.6,48.9,48.6,50.6,51.4,51.4,53.5,58.8,62.9,65.2,67.2,70,72,74.5,64.4,63.6,62.9,62.7,62.3,62.5,61.5,59.3,61.4,63.5,64.7,61.8,84.5,86,88,89.9,89.5,90.1,88.1,90,93.7,89.4,94.1,96.6,87.7,88.8,89.6,91.5,94.3,95.4,97.9,99.7,101,101,104,99.5,99.5,101,100,100
Cape Verde,14.5,14.6,16,17.1,18.3,19.4,19.6,20.9,21.4,22.1,22.5,22,22,19.5,20,20.3,22.3,24.1,24.6,26.3,30.6,41,31.7,31.1,40.2,46.1,52.1,64.9,63.9,67,71.3,105,108,87.9,117,84.1,98.9,115,116,108,113,113,111,122,131,131,138,141,155,153,92.1,94.2,97.2,97.7,100,102,97.4,93.7
Costa Rica,17,16.3,18.9,20.1,19.6,17.9,19.3,22.2,23.4,25.1,26.9,27.9,28,29.9,37,42.5,43.9,41.5,45,43.7,45,39.9,41.6,44.5,52.3,52.1,54.6,53.7,55,58.7,62.7,59.6,59.5,66.3,70.9,70.8,68.3,69.2,73.9,73.8,73.4,72.5,74.5,74.5,80.2,81.2,87,91,94.7,97.5,97.5,97.1,98.3,100,100,99.2,103,107
Cuba,69.9,74.1,77.6,83.3,87.3,90.3,94.8,115,115,111,108,108,102,95,90,103,112,112,111,114,121,117,121,124,126,128,126,127,129,127,103,82,76.6,79.9,79.2,81.5,75.1,77.7,82.4,82,77.8,74.3,72.5,69.8,65.5,68.7,83.5,90.4,91.6,91.1,94,92.4,96,98,95.7,106,105,105
Cayman Islands,,,,,,219,219,219,222,222,225,225,225,227,227,230,230,230,233,236,239,239,239,168,168,180,168,246,301,185,135,105,96.8,105,98.5,97.7,97,96.5,96.2,96,95.8,95.8,95.8,95.3,100,96.5,97.5,97,96.5,102,102,101,101,99.3,99.3,101,99.2,101
Cyprus,20.6,21.6,22.9,23.6,26.3,31.2,34.3,37.8,43.8,47.8,54.1,56.8,59.7,45.3,30.8,35.3,38.1,43.1,44.2,44.7,47.7,51.8,55.9,61.5,64.3,68.5,73.1,75.8,79.2,80.4,80.5,83.1,91.6,97,103,105,107,109,114,117,119,123,120,115,112,104,106,113,107,105,108,106,99.6,95.7,99.6,105,110,109
Czech Republic,,,,,,,,,,,,,,,,,,,,,,,,,,,,,,,,,161,137,140,138,131,134,129,124,125,121,118,116,113,110,115,107,101,96.3,94.9,90.4,92.4,97.9,100,102,101,104
Germany,70.2,71.5,73.8,75.6,76.3,79.9,83.1,85.5,86.5,88.1,89,88.3,89,92.8,94.2,95,95.2,99.1,101,104,105,103,107,109,109,114,111,108,107,108,99.5,91.2,89,86.1,87.4,88.3,88.5,88.4,90.2,88.7,89.9,88.9,89.1,90.2,89.6,89.8,91.9,93.8,94.7,96.5,98.3,97,97.7,99.8,100,99.7,98.9,99.6
Djibouti,31.3,32.2,33.4,34,34.5,36.8,38.2,40.7,43.3,44.8,46.5,48.5,48.2,50.9,52,57.6,56.1,58.7,74.3,87.2,80.4,79.1,94.5,103,121,129,133,141,169,160,92.8,92.7,94.6,97.6,96.1,98.4,99.5,101,107,124,125,125,125,103,118,90.5,124,125,125,125,126,127,126,104,77.4,118,128,129
Dominica,29.7,29.4,28.7,28.9,28.4,28,28.7,28.7,30,29.9,30.3,30.7,31.8,32.5,35.1,38.2,41,43,45.6,48.4,50.4,53.3,55.7,57.5,64.3,71.7,81.8,82.4,87,86.7,88.1,86.2,90.8,92.1,89,94.3,94.4,94.3,95.9,96.4,96.6,96.4,96.6,95.9,96,93.9,95.6,95.7,95.8,101,101,105,99.3,100,100,99.8,100,101
Denmark,78.1,78.7,77.9,77.3,79.8,79.2,78.7,77.7,74.8,71.9,72.3,71.4,73.4,76.6,76.7,77.4,78.9,81.7,85.2,86.1,85.6,86.2,90.1,88.9,88.9,91.4,89.1,87.9,87.4,88.7,90.8,93.2,97,96.8,97.1,96.7,96.9,100,100,99.9,102,104,104,105,103,101,103,101,96.9,101,103,101,99,99.3,99.9,101,99.6,103
Dominican Republic,16.6,16.4,16.3,16.8,16.9,17.7,18.6,20.7,21.6,22.1,23.9,25.7,27.1,27.4,27.1,29.4,30.3,31.1,34.4,35.6,35.5,36.1,38.4,38.9,40.6,40.1,41.2,44.9,47.7,50.6,48.8,53.1,54.4,51.6,56.3,59.3,53.8,59,61.7,67,81.8,81.5,74.2,76.4,89.6,98.4,105,99.9,102,95,96.5,90.5,95.1,94.6,101,104,102,102
Algeria,10.4,9.63,8.8,10,11.1,11.8,12.5,14,14.5,14.6,15.8,16.6,17.3,18.2,18.8,19.6,20.4,20.7,21.7,23,23.8,27,28.8,29.8,31.4,31.6,35.1,37.5,39.7,42.8,42.5,44.3,46.8,47.6,48.9,49.5,48.6,51.2,51,57.9,56.5,58.6,59.9,63.8,65.7,68.9,68.8,68.9,73,77.3,84.3,89.6,94,100,97.9,102,102,93.4
Ecuador,15.6,16.1,16.6,17.2,17.9,18.8,19.4,20.6,21.3,22.9,22.1,22.9,23.6,25.1,25.9,26.8,28.2,30.6,32.3,31.1,31.5,56.4,50.8,53.3,49.3,51.4,50.5,56.9,60.5,40.6,43.6,44.6,47.6,50.9,55.8,60.5,66.6,63.4,67.3,72.7,78.5,78.6,79.6,82,81,90.4,95.3,101,100,104,110,107,112,103,98.6,98.5,96.8,94.9
Egypt,10.1,10.5,10.3,10.4,10.6,10.9,11.4,13.2,13.5,13.8,14.2,14.5,14.6,14.9,15,15.5,15.6,15.8,15.9,16,17,18.8,20.4,21.4,22,22.3,22.5,23.6,23.3,39.3,46.8,49.2,50.6,52.6,54.7,56.9,61.8,61.9,63.8,65.2,66.5,76.9,82.6,79,83.2,86.5,93.3,95.7,93.7,96,97.2,101,102,102,99.7,98.4,102,90.6
Eritrea,,,,,,,,,,,,,,,,,,,,,,,,,,,,,,,,,53.6,56.9,58.3,63.8,65.1,71.1,72.1,74.4,74.6,73.5,79.8,82,83.9,88,95.7,87.2,96.2,97.3,98.8,99.7,97.7,100,99.2,101,102,102
Spain,23.1,23.4,26.6,28.7,27.3,31.1,31.9,33.4,35.3,39.1,39,40.1,43.7,47.1,47.8,49.6,51.8,52.2,53.8,59.2,60.9,62.6,62.9,63.1,62.6,62.1,64.1,67.1,65.8,68.6,71.3,70.8,70.7,70.3,72.1,75.3,77.2,84.7,85.8,87,90.2,92.9,94.8,92.7,90.9,91.5,91.9,94.2,89,91.5,94.7,94.1,90.8,94.4,99.8,106,107,111
Estonia,,,,,,,,,,,,,,,,,,,,,,,,,,,,,,,,142,120,107,98.6,89.9,89.8,92.9,86.2,80.9,86.2,85.6,83.2,88.9,87.6,91.1,91.2,92.1,91.1,90.5,93.1,95.1,99.8,98.5,102,99.8,96.1,97.9
Ethiopia,,,,,,,,,,,,,,,,,,,,,,,,,,,,,,,,,44.2,44.6,45.3,49.2,49.8,50.9,52.4,52.1,53.2,75.3,75.5,77.3,75.4,82.1,85.6,94.6,88.7,108,98.2,97,95.3,100,100,99.5,102,96.2
Finland,96.7,100,104,108,107,103,104,103,108,104,107,106,102,105,105,109,107,107,109,112,113,112,114,115,113,112,111,104,104,107,102,98.9,95.9,97.8,94.7,94.4,96.5,96,94.6,94.7,97.5,99.6,101,101,99.5,99.6,99.6,98.2,96.6,96.5,96.3,95.3,96.8,98.1,101,101,100,100
Fiji,30.7,32.4,34.7,43.1,41.9,43.8,46.2,47.1,53.6,55.3,60.3,55.2,60.1,59.9,62,62.7,70.1,74.2,79.6,85.1,89.2,87,88.1,88.9,94.8,101,102,104,109,116,77.5,80.5,76.1,83.7,84.6,85.8,88.8,86.3,85.7,84.1,85.6,88,92.3,90.8,92.9,96.7,98.4,98.9,87.1,97.2,113,120,108,124,103,72.4,133,137
France,73.7,74.1,74.6,73.5,76.9,77.8,82.1,84.6,83,84.2,86.7,87.2,88.4,94.2,94.2,95.9,94.2,96.3,102,104,106,106,107,110,108,109,109,107,105,107,107,105,105,107,109,111,113,112,109,103,104,105,103,101,101,96,97.2,99.4,97.8,99.4,101,98.7,96.7,99.2,100,101,99.7,100
Faeroe Islands,,,,,,87.7,85.7,85.6,83.2,73.5,82.9,87.1,86.8,89.9,90.1,89.9,89,63.2,84.9,85.8,85.8,85.8,80.7,86.3,86.7,87.5,89.4,89.8,89.9,90,91.1,91.6,93.1,94.1,94.4,93.5,94.2,93.5,93.5,94.2,94.5,94.8,94.8,94.5,93.3,92.1,94,93.7,93.7,93.7,96.3,96.3,99.8,101,101,98.2,98.3,97.8
"Micronesia, Fed. Sts.",,,,,,,,,,,,,,,,,,,,,,,,,,,,,,,80.5,80.6,80.5,80.8,87.8,88.7,88.8,88.8,88.8,88.8,88.8,88.8,88.8,88.8,88.9,85.3,91.2,80.8,88.5,86.3,91.7,87.6,93.2,99.2,101,99.6,102,103
Gabon,43,45.6,48.3,50.8,52.3,53.7,53.9,54.2,54,54.2,54.5,55,55.5,56,54.3,55.8,56.9,58.3,58.1,58.1,58.2,58.2,58.7,59.9,60.7,62.4,63,64,64.7,66.3,66.8,69.2,71.2,71.7,73.9,75.4,78.1,80.2,81.7,83.2,84.1,85.1,85.8,86.9,87.3,85.7,87.7,88.8,90.3,92.1,92.7,92.2,97.6,98.5,101,101,102,102
United Kingdom,74,75.1,74.5,74.2,76.1,76.4,77.7,78,77.9,81.9,81.8,85.2,85.1,89.3,90.2,89.6,90.7,93.1,95.8,97.5,95.9,97.1,100,99,100,98.3,99.5,96.4,97.8,99.8,98.4,100,99.1,102,103,95.6,95.8,97.9,96.8,93.9,89.1,91.7,91.3,91,92.3,93.1,92.9,91.5,90.5,94,95.1,93.8,94.7,98.7,100,101,103,104
Georgia,,,,,,,,,,,,,,,,,,,,,,,,,,,,,,,,109,103,112,123,132,139,130,129,132,137,143,147,145,146,112,112,103,94.5,99,92,87.2,93.3,99.4,103,97.7,99,104
Ghana,18.2,18.9,19.6,21.9,22.9,24.2,24.9,26.4,28,28.5,28.8,30.9,30.7,31.4,32.5,32.1,34.6,36.3,37.9,40.3,41.8,44.2,47.5,47.3,47.3,47.3,48.6,49,50.5,51,52.3,52,52.5,53.4,51.6,53.2,52.4,52.3,54.5,59.8,59.8,60.7,65.8,64.4,67,69.7,74,81.2,81.1,84.4,87.2,90.7,94,96.1,102,102,102,102
Guinea,15.4,15.8,16.3,16.8,17.3,18,17.5,17.8,17,17.2,17.2,17.5,18.4,19,19.7,20,20.2,20.4,20.6,20.8,21,21.1,21.6,21.4,19.2,15.9,18,20.9,21.5,23.2,24.8,26.2,27.9,30.1,36,37.6,39.3,41.2,43.2,44.4,45.3,47.1,49.5,52.4,55.3,59.7,62.8,66.5,70.2,79.2,83.9,88,93.2,97.3,100,102,106,107
Gambia,23.5,24.6,26,27.1,28.3,29.7,31,32.6,34.1,36.1,37.3,39.3,39.3,39,39.3,39.3,38.4,38.4,38.5,38.6,38.1,38.1,38.1,37.5,38.7,38.9,39.8,40.3,40.9,39.8,69,70.2,70.8,71.7,71.6,70.8,71.9,71.9,72.4,73.1,74.2,76.8,84.5,86.9,87.5,88.7,91,92.4,95,93.5,91.9,93.1,92.3,99.8,104,96.6,98.3,99
Guinea-Bissau,16.8,16.8,16.8,16.8,16.8,16.9,16.9,16.9,17,17.1,17.5,18.4,18.8,19.3,20.1,20.8,21.8,22.6,23.3,23.9,24.8,25.5,25.9,26.5,26.9,27.6,28.5,29.4,30.1,30.9,57.9,59.7,62,62.1,63.3,64.8,66.7,67.3,68.5,70.5,69.7,70.5,74.4,74.6,76.3,78.9,81.9,88.1,89.4,92.2,94.4,96.7,99,98.6,99.7,102,103,104
Equatorial Guinea,39.5,41.6,41.4,42.2,44.5,44.1,44.5,45,48.6,49.5,50.4,52.9,53.5,53.9,56.6,57.2,57.7,59.4,59.6,60.2,63.2,65.3,65.6,67,68.5,69.9,71.6,73.2,74.8,77.3,78.9,80.7,82.1,89.1,90.5,92,93.3,94.5,96,97,97.8,99.9,99.7,105,108,101,99.3,103,103,112,113,114,85.4,97.7,103,98.9,96.7,107
Greece,47.8,52.6,56.1,57.7,61.1,66.5,69.6,68.3,75.2,79.2,82.1,86.3,92,103,108,110,108,109,112,112,110,110,109,110,108,108,110,112,112,113,112,112,113,113,116,115,110,109,106,110,110,111,115,111,114,111,108,110,111,110,109,109,114,101,99.7,98.8,96.9,93.3
Grenada,67.6,74.4,77.7,81,85.3,91.7,80,88.2,92.3,93.4,89.7,86.4,90.3,91.2,87.8,82.7,83.4,83.1,79.8,79.7,84.2,81.1,79.4,75.3,76.3,76.7,75.5,74.7,75.2,79.3,79,75.3,73.9,81.1,84.1,79.2,74.6,71.4,78.5,77.3,81.3,89.7,89.8,87.9,87.2,115,108,103,106,101,102,102,95.5,107,97.5,95.8,97,96.9
Greenland,58.1,67.3,60.2,86.9,77,110,98.1,63.2,87.6,97.3,99.5,53.4,70.1,53.7,61.9,31.9,60.6,72,95.7,104,119,128,110,115,111,112,113,113,114,115,119,121,121,113,107,102,99.3,96.5,96.1,93.3,91.2,109,103,110,107,106,112,110,109,102,96.8,92.3,90.6,103,100,97.5,97.5,96.5
Guatemala,16.3,16.3,17.6,18,17.7,17.1,18.8,21,22,23.6,25.3,26.2,25.9,25,26.2,27.2,28.2,27.6,25.4,27.2,27.1,27.7,29.9,30.9,29.4,26.9,29.7,32.1,35.1,36.3,33,32.3,35.3,37.6,39.7,41.2,43,42.4,42.8,43.5,49.5,56.3,56.9,57.3,59,61.1,64,65.5,71.1,73.6,77.4,83.1,86.1,96.2,100,104,93.4,94.3
Guam,94.2,92.8,126,91.8,112,128,125,144,145,150,123,136,148,161,179,139,166,169,170,156,158,128,105,108,94,107,116,138,50.9,41.5,73.3,75.8,79.1,72.2,72.3,72.4,73.1,73.3,76.1,77.6,79.4,80.4,79.5,81.1,81.2,81.6,92.8,83.5,102,84,84.9,101,101,101,99.8,99.3,100,102
Guyana,28.5,29.6,30.2,33.5,36.1,37.8,38.8,43.5,48.1,48.8,51.7,54.1,57,52.7,56.3,59.2,58.5,54,46.4,47.2,46.5,38.1,29,27.5,25.8,27.2,30.7,33.5,30.7,29.6,30.7,38.9,40.7,44.7,43.9,53.5,53.4,51.5,51.8,49,50.2,55.3,69.6,72.2,69.8,65,74.6,71,78.5,74.6,84.5,90.5,92.9,96.7,101,103,100,120
"Hong Kong, China",92,132,123,95.4,84.4,84.9,90.4,119,129,137,147,162,126,120,111,119,140,149,168,87.3,190,185,183,172,186,164,171,173,151,133,112,71.5,83.7,44.8,57.8,64.7,70.2,79,93.6,98.4,102,92.9,110,101,106,109,114,94.2,114,98.7,88.7,92.1,101,97.5,97.4,105,96,84.2
Honduras,19.7,20.5,20.9,20.1,20.3,20.8,23.5,25.1,25.3,26.3,30.1,31.4,32.1,29.3,31.7,33.2,33.1,41.4,29.5,42.7,44.8,38.3,33.4,34.4,35.5,32.7,40.9,43.5,44.5,47.7,49,50.5,49.7,65.1,63.3,70.2,68.4,70,69.2,70,69.5,76.1,82.3,85.9,90,92.7,96.5,104,91.7,90.8,94.4,96.3,95.7,96,100,104,105,107
Croatia,,,,,,,,,,,,,,,,,,,,,,,,,,,,,,,,87.9,80.5,73.2,69.5,66.7,67.4,68.5,72.3,62.2,69.1,67.8,69.7,75.7,82.6,83,88.6,85.6,87.6,84.3,88.5,100,82.5,98.4,96.4,105,105,108
Haiti,35.5,36.4,37.4,38.4,39.6,40.4,43.8,44.7,46,47.5,49,50.9,51.7,52.6,53.9,55.5,54.8,57.5,55.9,54.5,55,59.2,61,62.4,62.8,62.6,60.5,59.1,57.5,54.8,58.9,62.5,65,65.8,61.5,66.9,69.4,75.7,75.2,88.3,90.4,93.2,94.2,93.9,95.2,94.1,96.2,97,95.9,96.3,99,100,99.4,99,99.7,101,101,102
Hungary,98,99.2,100,99.6,104,102,105,115,113,117,128,130,129,138,147,141,153,158,164,167,169,179,184,187,180,176,183,182,181,182,151,136,122,113,111,115,112,115,116,123,117,121,113,107,100,96.7,97.3,97.2,94.9,88.4,91.8,90.3,87.5,95,102,103,99.1,104
Indonesia,13.2,13.8,13.8,14.3,14.5,14.3,14.2,14.9,15.2,17,17.5,18.4,19,20.1,20.6,21.4,21.8,22.4,24,25.5,26.7,28.2,31.8,33.7,35.8,39.6,40.7,42.4,44.8,47.6,51.5,55.3,59.6,63.3,60.8,63.8,63.5,55.8,52.7,56.9,61.5,68.7,72.4,70.8,64.3,72.8,72,71.9,74.3,79.4,86.1,91,94,94.1,99.2,107,108,109
India,16.5,16.6,16.7,16.6,16.7,16.9,17.2,18,18.3,18.1,19.1,19.4,19.8,20.6,21.4,22.5,23.4,23.9,24.9,25.9,27.5,29.2,31,32.5,34.1,35.4,36.4,37.4,39.1,40.5,41.3,42.6,44,45.5,47.7,49.3,50.7,52.5,54.7,56.1,58.2,59.3,60.6,63.4,66,69,73.3,75.6,78.2,81.4,84.8,87.5,90.6,95.3,99.8,105,111,117
Ireland,42.5,40.8,42.1,44.4,43.2,45.5,52.1,51.4,51.1,50.7,57,55.6,52.9,61.2,71.3,62.5,68.6,74.8,71.3,78.7,68.1,72.3,78,82.1,85.5,89.2,85.5,82.8,81,90.3,89,90.2,88.2,83,84.8,88.4,89.9,92.5,97.1,91.5,92.9,88.9,89.8,89.6,87.5,87.4,89.6,85.6,84.9,88.6,89.9,85.9,89.2,95.6,100,104,110,114
Iran,19.2,20.3,19.5,19.9,20.2,20.2,21.2,21.9,22.6,23.3,23.9,24.7,25.5,26.2,26.5,28.3,29.3,31.3,32,31.8,33.2,35,36.1,37.3,38.3,40.7,41.2,41.6,44.6,47.5,49.8,53.1,55.8,58.6,59.4,62.6,65.3,67.2,67.3,71.7,73.9,76,78.9,82.6,87.4,91.4,96.8,87.2,89.2,92.1,94.3,99.6,102,105,96,98.9,103,107
Iraq,82.3,82.6,82,81.8,79.5,81.4,83.4,86.6,89.5,93.6,93.8,94.4,93.1,92,90.7,100,100,99.7,101,104,103,122,111,121,127,134,134,134,156,140,59,66.8,76.5,76.1,67.9,65.2,74.3,76.7,83.7,96,104,108,71.6,78.9,92.5,85.3,87.5,94.1,91.7,102,108,114,108,105,103,92.1,89.7,88.8
Iceland,78.9,83.3,81.2,80,84.3,82.2,86.6,80.7,81.1,77.1,76,82.1,85.3,88.8,91.6,89.9,91,96,97.6,89.9,91.2,90,89.5,87.8,90.5,91.1,86.5,77.6,73.4,73.7,74.1,73.1,70.1,71.5,71.3,69.3,70.5,72.2,76.1,79.6,78.7,80.3,81.2,80.9,80.1,82.4,87,88.7,88.7,89,91.3,94.1,93.4,95.7,100,104,108,109
Israel,15.8,17.5,17.5,19,19,19.7,21.6,21.8,22.2,23.6,25,26.6,27.5,29.7,31.5,34.8,35.9,35.9,35.8,35.3,35.7,38.1,39.7,42.9,41.6,40.3,41.7,45.1,44.6,45.3,47.9,49.8,52,55.7,55,55.9,56.8,54.3,57,69.8,71,76.2,77.4,78.7,79.9,80,85.7,89.6,86.4,87.7,88.5,92.3,91.1,97.6,100,102,104,99.4
Italy,71.3,72.3,65.2,69.6,74,80,79.6,83.8,85.3,86.4,85.1,83.9,89.1,92.2,90.3,93.2,99.6,101,106,109,108,108,112,114,113,110,112,113,112,116,106,108,110,110,114,115,115,111,116,114,114,114,110,110,110,107,111,115,112,110,107,109,104,96,102,102,100,105
Jamaica,25.6,25,25.1,25.9,25.6,27.9,32,32.7,34.7,35.1,36.4,35.1,40,40.7,41.5,44.4,45.8,45.8,45.8,45.9,44.9,44,49.7,54.1,45.4,48.7,52.3,50.2,48.2,74.5,71.4,74.3,67.9,68.2,69.5,73.6,74.8,78,83.5,84.3,85.6,87.8,92.5,90.7,93.3,90.3,90.3,91.9,91.8,89,90.4,93.2,93.8,94.7,97.8,107,108,110
Jordan,7.06,8.01,9.36,11.2,14.3,15.7,10.5,11.2,10.9,10.8,14.8,14,15.4,12.5,14.5,13.1,14.5,14.9,15.5,16.3,17.2,17.8,22.4,27.6,31.3,31.3,31.4,29.8,26.6,30.9,38.5,47.3,53.3,50.9,53,53.9,53.3,53.5,56.5,56.9,57.8,58.5,63.1,67.4,68.5,68.3,77.6,87.3,87,93.6,94.5,96.3,92.9,100,97.7,102,101,93.6
Japan,27.9,31.9,33.6,38.2,40.3,40.2,43,46.1,51.3,57,59.9,62.2,62,65.8,66,66.6,72.4,77.8,81.9,83.4,83.8,86.3,88.4,90.6,94,95.1,96.8,97.9,98.5,98,98,99.4,99.3,97.2,95.6,94.3,93.9,93.1,93,92.3,89.4,92.4,91.7,91.5,91.1,91.8,92.5,92.7,93.5,92.7,90.6,93.1,101,100,99.6,100,101,102
Kazakhstan,,,,,,,,,,,,,,,,,,,,,,,,,,,,,,,,124,132,122,103,84.1,74.1,68.1,67.8,65.8,67.2,69.9,72.5,76.7,80,83.9,87.4,90.4,92.1,95.4,94.2,91.2,93.3,97,100,103,107,111
Kenya,19.2,19.1,18.1,19.2,20.1,20,20.2,21.3,21.6,23.8,24.9,25.7,25.8,25.9,26,27.4,32,33.4,34.3,32.6,30.7,34.4,37,38.2,39.6,42.7,46.5,50.7,51,50.1,51.2,50.7,49.9,50.2,50.6,50.7,53.1,53,57.4,55.5,60.2,65.4,68.3,74,79.5,82.7,86.9,91.5,96.9,96.7,97.4,94.3,95,94.8,99.2,106,104,112
Kyrgyz Republic,,,,,,,,,,,,,,,,,,,,,,,,,,,,,,,,89.7,88.1,79.3,71.6,72.7,73.2,75.7,79.6,81.3,83,84.4,83,81,81.2,81.6,82.7,84.3,85.7,88.1,88.6,89.7,91.3,97.8,99.8,102,104,106
Cambodia,20.5,22.8,23.4,22.3,24.2,26,31.3,34.7,39.9,39.4,38.9,38.5,38.1,34.8,27.8,23.2,20.3,18.2,15.8,16.1,19.4,29.5,32.6,37.7,42.8,44.7,47.8,53.3,58.8,57.1,60,70.1,73.3,72.4,75,78.2,83.1,84.8,86.5,98.8,99.4,96,99.6,102,108,112,107,101,99.9,98.3,101,98.5,99.9,101,99.3,99.8,97.1,84.3
Kiribati,39.7,40,40.1,46.8,47,41.8,42,42.3,42.7,42.9,43.5,44,44.3,44.5,44.7,45.1,45.3,45.5,45.7,46,46.7,47.2,47.7,48.2,48.7,49.4,49.9,50.3,50.9,51.4,51.9,52.4,52.9,53,54.7,55.1,55.5,55.6,55,61.8,67.1,74.6,74.8,76.1,79.2,84.1,90.6,93,93.8,96,97.2,99.4,97.5,98.3,99.3,102,102,104
St. Kitts and Nevis,198,200,205,207,213,225,211,201,202,206,207,202,200,204,203,210,212,221,224,241,250,235,237,207,222,227,226,215,207,210,215,213,202,211,215,216,218,213,221,194,216,196,209,202,184,122,138,155,145,144,138,102,91,95.9,105,98.7,98.3,102
South Korea,4.66,4.31,5.57,6.65,6.72,6.77,6.65,7.3,8.82,9.43,10.1,11,11.7,13.1,15.5,16.1,16.9,18.4,22.9,24.3,23.9,24.8,27.8,32.4,36.8,39.4,43.1,44.7,43.8,46.5,48.2,57.9,61.3,62.9,64.8,70.1,74.7,77.1,80,76.3,74.1,76.6,77.9,71.6,73.7,77.4,80.1,82.3,86.8,85.6,79.8,90.3,97,98.4,102,99.9,99.1,105
Kuwait,7.92,7.97,8.97,7.31,9.31,9.73,7.86,7.38,11.5,12.9,13.4,13.1,12.8,13,12.8,14.5,14.9,16.9,23.1,25.5,21.3,17.9,25.5,30.9,36,36.8,40.8,39.4,38.1,28.5,1.45,7.72,16.1,24.4,32.9,30.5,39.9,42.7,40.9,40.6,40,42.9,43.5,42,44.3,44.1,49.8,44.8,68.2,61.1,89.9,101,82.8,89.7,103,107,111,147
Lao,15.7,16.2,16.3,19.1,20.6,22.6,24.9,24.2,23.7,23.1,22.4,20.7,18.1,17.9,16.6,18.7,18.5,18.8,21.5,25.9,27.8,28.5,30.1,32.2,32.8,35.5,39.8,39.5,46.2,46.1,45.4,48.4,52.6,55.5,64.1,64.4,68.8,71,79,73,78.6,82.9,91.2,93.1,96.2,101,103,104,95.4,104,118,112,87.6,85.8,114,100,109,100
Lebanon,22,26.1,28.3,33.1,35.5,41.3,40.6,39.9,37.8,38.9,40.3,43.9,42.3,45.1,38.8,22.1,23.1,37.2,53,64.9,65.6,67.9,65.1,62.2,61.1,61.9,63.4,63.4,62.3,65,68.3,68.8,69,71.5,71.7,80.4,88.5,93.2,95.6,102,101,113,117,121,119,114,124,133,118,87.3,99.5,102,107,89,87.1,124,107,97.7
Liberia,22.4,23.1,23.9,24.6,25.3,26.1,27.1,28.5,29.6,31,32.2,33.3,34.6,35.9,36.3,37.9,38.9,40.2,41.1,42.3,43.8,45.5,46.6,47.6,49.1,50,51.4,51.3,51.7,51.3,53.4,53.3,53.8,54,54.5,56.1,56.7,57.6,58.8,61.4,62.2,63.1,64,65.5,66.3,69.5,73.3,77.4,82.5,88.7,93.3,95.5,93.8,96,97.3,107,105,107
Libya,15.3,15.5,15.9,17,20.2,24.5,21.7,23.6,25.9,28.1,26.1,32.4,31.3,35,42.7,45.1,39.5,43.2,49.7,54.1,51,58.7,61.6,60.5,61.2,60.4,58.7,61.5,68.8,74.5,74.8,73.4,73.2,77.5,86,90.9,88.2,93,94.6,88.4,90.1,92.8,92.8,94.8,100,103,110,107,114,120,119,119,118,95.2,100,105,104,106
St. Lucia,31.9,31.9,32.9,33.7,33,35.4,33.6,33.6,35,36.7,35.1,35.8,37.7,38.4,38.6,43.4,44.2,46.6,45.3,47,48.7,49.7,51.7,54.3,54.5,53.8,53.3,53.9,52,52.5,53.6,54.7,55,56.8,56,53,52.9,52.9,57.3,56.4,51.9,64.7,67.8,68.1,64.6,62.9,80.1,79,83.9,80.1,80.9,81.3,102,89.8,109,101,62.3,62.9
Liechtenstein,38.7,41.4,40.2,38.3,40.4,41,43.9,43.9,43.2,43.6,40.5,40.8,39.4,41.5,44.6,47.5,50.7,52.8,58.9,64.2,66,70,75.1,84.8,91.2,94.9,95.2,92.3,95.1,93.6,93.5,91.6,88.9,89.7,90.6,92.4,92.7,94.6,90.7,92.3,96.3,98.9,101,102,100,99.1,98.5,100,99.7,101,105,104,100,102,100,97.4,99,103
Sri Lanka,29.3,31.3,35.9,39.9,40.8,38.6,39.1,41.3,40.7,40.9,43.9,43.2,43.2,43.1,44.5,44.4,42.9,41.8,42.6,46,48.1,46.1,48.3,51.3,51.6,42,46.1,44.1,45.1,48.6,52.1,57.7,60.2,64.7,66.4,64.7,64.8,54.7,53.5,58.5,63,63.7,65.3,66.5,68,61.9,66.3,67.5,69.9,75.1,72.8,91.4,94.2,92.9,94.4,113,114,117
Lesotho,39,42.1,41.8,35.9,40.3,42.5,46.7,47.8,54.1,54.8,52.8,53.5,57.8,56.8,51.5,44.7,41.7,41.4,46.7,55.1,62.9,66.5,66.8,69.1,60,62.3,63.3,60.2,60,56.6,73.7,82.7,83.8,81.2,85.6,74.1,80.8,73.1,92.5,92.5,96.4,90.4,86.5,88.8,99.7,88.5,100,98.5,91.7,92.2,104,101,107,101,100,99.2,98,87.7
Lithuania,,,,,,,,,,,,,,,,,,,,,,,,,,,,,,,,184,139,119,109,107,112,111,101,100,90.1,95,95.5,101,106,106,110,102,96.4,97.1,98.2,98.9,97.9,101,102,97,97.5,99.6
Luxembourg,,,,,,,,,,,,,,,,,,,,,,,,,,,,,,,,,,,,,,,,80.5,86,85.7,86.7,86.2,84.9,82.6,84.3,82.7,84.6,87,87.9,87.5,88.3,93.2,101,106,109,114
Latvia,,,,,,,,,,,,,,,,,,,,,,,,,,,,,,,,212,170,126,114,92.9,94.7,92.5,79.2,79.4,78.7,76,79.3,81.3,83.9,86.1,91.2,91.3,89.7,88.9,89.3,90.5,92.6,98.1,100,102,104,102
"Macao, China",29.8,36.4,43.1,43.3,45.9,44.6,44.9,44.5,44.5,50.1,50.9,52.1,53.5,54.6,55.2,55.5,58.6,59.7,67.9,65.1,65.5,64.7,60.4,58.1,59.8,65.2,64.6,62.9,64,64.3,64.3,64.3,65.3,62.1,62.3,67,63.1,75.3,93.4,95.8,102,143,90.7,78.5,94.9,108,150,85.9,99.6,100,86,103,91.3,121,79.6,99.6,118,104
Morocco,19.3,18.1,17.6,17.4,19,20.1,21.1,22.3,22.9,23.2,23.3,25.2,25.2,24.4,22.6,21.7,23.4,25.2,27.3,28.1,31.9,31.9,29.8,29.7,28.9,32.2,37.6,41.8,47,47.1,47.9,49,47.5,45.9,47.5,46.1,54.4,51.5,57.2,57.7,58.2,61.2,60.7,61.4,65.7,68.2,70.4,73.6,79.2,84.9,89.8,94.3,93.1,96.1,103,101,107,106
Moldova,,,,,,,,,,,,,,,,,,,,,,,,,,,,,,,,217,182,163,144,131,123,107,104,95.8,93.1,97.6,95.8,99,103,105,105,84.3,90.4,101,102,95.7,97.6,93.8,102,104,95.1,92.6
Madagascar,50.4,52.5,53.1,54.3,49.8,59.6,60.3,61.7,60.3,60,57.7,61,61,61.1,62.6,62.8,51.6,75.8,67.6,69.5,71.5,70.8,70.1,71.7,72.4,73.7,74.5,76.8,77,77.8,79.1,79.9,80.8,81.6,83.5,84.4,85.4,83.7,82.7,80.9,70.7,69,70.5,71.8,81.2,82.2,83.1,88.7,91.2,93.5,96,98.5,98.5,97.7,101,101,101,102
Maldives,47.1,48.3,49.5,50.7,51.8,53,54.2,55.4,56.5,57.7,59.5,61.3,63,64.8,66.6,68.3,69.5,70.7,70.7,70.7,71.9,76.6,82.5,86,88.4,89.5,90.7,91.9,93.1,94.3,96.6,98.7,100,100,101,99.8,103,106,118,106,103,100,95.8,91.7,82.5,89.2,90.9,92.9,98.2,98.7,99,99,99,99.1,99.8,101,102,102
Mexico,18.6,20.5,20.3,20.3,21.4,23.3,24,25,26.1,26,26.1,29.4,29.6,30.8,33.5,37.1,40,42,41.4,44.1,46.8,48.1,51,49.1,49.8,55.3,54.6,52.7,49.1,53.6,53,55,57.4,60,62.6,61.1,63.8,67.2,70.5,73.3,75.8,77.7,79,81.7,83.6,86.3,88,89.8,90.9,92.3,94.7,95,96.3,97.8,99.9,102,105,109
North Macedonia,,,,,,,,,,,,,,,,,,,,,,,,,,,,,,,,90.9,92.1,94.1,90.5,85.4,82.8,79.7,81.3,84.4,84.8,81.7,84.9,91.8,88.6,94.3,111,107,102,103,102,98.6,99.8,101,96.6,102,102,102
Mali,20.2,21.1,22.5,24,25.8,26.9,28.2,29,30.4,30.8,29.9,26.1,21.4,23,26.3,28.2,29.4,33.3,35,38.3,42.9,44.3,41.3,38.9,33.4,37.1,36.8,38.4,39.8,41.5,40.7,37,37.4,39,39.4,39.9,42.7,45.6,47.9,47.4,51.3,55.6,61.5,63.4,73.1,72.1,82.9,89.2,93,96.3,100,103,98.7,100,95.8,104,116,128
Malta,45.6,44.3,43.4,45.6,53.3,48.1,47.2,62.1,61.9,68.2,68,69.3,73.9,71.3,71,75.7,87.9,86.6,74.7,68.4,71.3,67,75.7,81.1,89,91.9,93,95.6,95.9,95,102,115,115,122,108,121,126,134,135,128,131,133,132,118,115,115,117,123,115,111,103,101,102,103,98.2,98.6,97.1,95.1
Myanmar,4.81,4.89,5.29,5.65,6.04,6.34,6.79,6.91,7.16,7.54,7.7,7.68,8.3,8.15,8.46,8.81,9.02,9.36,9.99,10.4,11.3,12.1,12.8,13.7,14.2,14.2,14.6,15.1,12.1,9.68,9.51,9.94,10.2,10.6,11.4,12.2,12.9,13.7,15.9,18.7,20.4,22.8,27.5,32.2,38.2,43.2,47.9,52.9,61,67.2,71.5,77.8,84.9,93.7,101,105,102,98.1
Montenegro,,,,,,,,,,,,,,,,,,,,,,,,,,,,,,,,,,,,,,,,,,,,,,121,123,100,84.5,78.3,106,91.3,105,98.7,95.9,105,95,83.9
Mongolia,64.2,57.9,52.5,53,57.2,61.7,63.2,59.9,61,61.3,60.2,65.3,63.5,70.4,76.7,72.5,67.7,76.7,75.8,72.3,73.5,73.6,73.3,73.7,70.7,76.7,75.6,71.5,75.6,77.1,80.5,73,64.7,62.2,66.7,76.5,71.9,80.1,88.3,85.9,66.5,61.4,50.4,62,58.5,56.2,62.2,70.4,85.7,63.7,67.5,71.5,81.1,79.7,115,106,110,155
Mozambique,20.9,21.7,22.3,23.1,24.7,24.6,25.8,27.1,27.6,28.8,30,30.7,31.7,32.6,32.6,27.9,29.8,30.6,31.6,32.4,33.2,33,32.7,33.6,34.9,33.3,32.8,34.2,34.7,29.1,67.8,68.9,72.9,75.4,80.8,83.7,85,86.6,88.1,89,88.3,83.8,78.7,82.4,86,76.6,80.4,84.6,81.9,85.6,91.8,104,104,107,105,88.1,98.3,99.7
Mauritania,40.4,41.4,42.1,43.4,44.5,46.1,47.2,49.1,47.3,47.3,47.5,45.8,40.6,38,39,42.9,46.1,47.9,48.8,51.1,52.3,51,49.2,47.4,49.4,49.7,49.7,50.7,53.4,57.8,60.2,58.1,56,56.5,57.5,60.9,63.1,66.3,68.1,74.8,76.9,80.5,81.8,83.7,85.2,85.3,82.6,80.9,85.2,88.7,90.4,92.2,94,94.3,103,103,102,104
Mauritius,15.6,15.9,17.9,17.4,16.5,15.6,15.8,16.6,15.7,16.4,16.3,17.1,18,19.8,21.6,23.4,24.4,18.6,24.4,23.4,22.4,24,23.9,23,24.1,27.4,30.8,33.9,34.5,37.1,36.7,41.7,44.7,47.8,48.6,50.7,50.7,45.8,58.6,59.5,69.2,73.6,74.8,80.8,78.5,83.2,88.9,90.8,93.2,99.4,101,102,103,102,99.9,98.4,102,104
Malawi,5.4,5.62,6.07,6.19,6.24,6.55,7.69,8.07,9.31,9.43,9.19,9.28,9.85,10.6,10.9,11.7,12.6,13.1,12.7,13.5,16.1,16.9,15.7,15.8,13.9,17.5,17.7,17.3,17.2,17.8,20.1,20.5,20.6,19.1,20.1,24.8,22.1,23.5,23.8,27.2,28.9,26.1,27.2,30.2,29,32.4,37.9,43.9,48.3,49.5,62.7,73.8,82.2,90.6,102,108,119,142
Malaysia,5.3,5.51,5.78,6.28,6.79,7.35,7.65,7.89,8.66,8.96,9.6,10.1,10.1,10.8,13.2,14.1,13.8,14.3,14.7,15.8,16.6,17.9,19.5,20.6,23.4,25.1,28.6,29.8,33.4,38.2,39.3,43.7,48.1,50.8,51.8,51.5,52.1,52.4,48.4,47.8,50.5,53.3,54.8,59,62.7,65.3,68.1,69.3,71.9,79.3,81.4,84.9,89.9,94.6,101,105,105,110
Namibia,127,108,137,137,135,126,147,155,152,166,181,202,211,216,138,154,145,160,166,178,181,135,111,115,128,133,145,145,157,148,98.8,94.7,95.5,96.5,91.2,89.8,72,79.7,104,130,111,109,114,102,100,98.1,100,102,103,103,103,105,105,102,98.9,99.3,104,96.6
New Caledonia,62.2,64.6,65.5,63.6,65.3,61.8,63.9,66.5,63.8,64.8,69.4,70.8,64.7,49.8,57.1,47,55.9,56,57.9,56.6,55.5,56.9,56.7,60.9,72.4,70.2,60.6,60.5,57.8,67.3,74.8,80.4,84.8,91.1,85.3,94.4,91.4,92.7,95,92.7,93,93.1,95,96.6,88.9,82.4,85.5,85.9,85.6,91.1,91.7,95,93.7,98.3,112,90.1,90.2,89
Niger,35.5,37.3,38.9,40.2,41.1,43.3,46.3,51.7,51.9,55.5,52.5,53.3,46.6,46.6,48.5,49.5,67,67,63.5,71.1,71.6,72.4,72.6,63.2,48.7,52.8,57.5,61.5,64.7,69.5,64,71.7,75.9,78.4,76.4,88.6,91.4,96.4,102,64.5,66.8,67,70.8,71.9,79.1,82.9,80.6,81.6,85.3,89.8,89.6,95,86.3,89.2,104,107,112,111
Nigeria,17.3,15.8,16.1,17.8,18.7,18.2,20.3,20,23.4,24.1,23.7,22,26,28,28.2,33.9,32.2,34.4,37.2,45.2,42.9,46.3,50.5,52.1,58.5,51.5,52.5,50.8,50,50.8,50.5,51.2,55.7,60.8,62.5,64.1,66.5,72.5,75.8,75.4,81.8,86.5,84.1,87.3,88.1,86.7,93.7,96,99.6,99.2,95.9,91.1,99.3,101,99.5,99.1,101,101
Nicaragua,23.1,23.8,26.5,27.2,27.8,30.2,31.7,35.5,39.8,44.2,44.5,47.6,45.8,41.4,50.4,55.6,59.8,62.7,74.5,40.9,29.7,34.4,33.6,34.4,32.8,30.3,27.6,27.1,33.3,35.5,31.3,33.6,37,36.7,36.2,36.9,38.7,37.1,47.2,54.4,56.4,58.2,62.2,67.3,70.4,76.7,82,85.6,91.7,98.1,102,95.4,104,105,97.3,97.5,111,105
Netherlands,41.8,44.2,45,42.4,44.6,45.6,48.8,51.6,52.6,57.9,60,60.1,62.4,69,70.9,72.7,73.9,78.2,82.3,85.4,88.9,90.8,93.9,96.2,97.1,99.3,97.5,97.5,93.1,97,92,95,95.1,92.9,93.5,94,89,96.2,94.8,93.6,87.6,86.2,79.6,82.8,83,82,83.6,84.4,86.2,87,89.5,89,92.1,94.6,100,105,102,83.8
Norway,68.8,73.1,72.3,72.6,72,73.9,74.6,76.1,76.1,74.4,75.3,77.7,78.8,81.1,81.3,80.7,83,84.7,85.6,87.6,90.4,93.7,91.8,91.3,91.2,92,94.5,94,92.4,93.9,91.1,93.2,93.1,93.5,92.8,93.9,94.4,94.2,95.5,92.1,90.7,90.7,91.5,93.8,93.8,94.4,95.3,98,97.9,98.9,97.4,97.7,100,99.3,99.6,101,102,103
Nepal,23,23.6,24.3,24.6,25.1,25.4,26.2,26.9,27.7,28.2,29.2,30.1,31,32.1,33.5,34.4,35.5,36.4,37.3,38.8,40.7,43.6,45.3,45.1,45.4,46.6,47.1,49.1,50.2,52.3,53.4,53.8,54.1,56.1,57.7,58.8,62.2,64.1,65.2,66.4,67.8,69.3,70.9,72.2,74.1,75.4,77.8,79.5,83,84.8,88.7,92.9,96.1,97,98.3,105,108,114
Nauru,26.8,27.3,27.9,28.4,29.5,30.1,34.1,35.2,36.3,37.4,38.5,40.7,42.9,45.4,48.8,39.1,39.1,45.4,47,49.3,55.6,61.4,64.5,58.3,61.4,65.3,71.1,74.3,74.3,77.4,86.5,90.4,92.8,92.8,93.7,92.9,92.9,92.9,92.9,92.8,92.9,93,93,93,93,93,96.2,98.3,97.3,98.4,98.4,98.5,98.5,99.6,99.6,101,101,101
New Zealand,42.5,44.6,45,46.3,47.1,48.3,50.1,52.8,54.4,53.6,54.2,55.5,55.1,50.7,54.6,60.3,58,57,57,59.7,62.4,62.6,64.7,64,68.6,65.2,64.9,66.8,65,60.6,61.9,65.1,63.6,68.2,68.1,70.3,73.7,75.3,69.5,75.4,78.5,78.3,82.6,85.7,84,85.2,86.9,85,86.4,86.5,85.8,90.8,93.1,98.3,101,100,97.6,99.4
Oman,7.07,7.22,7.4,7.58,7.81,7.95,8.17,8.37,8.67,9.05,9.38,10.3,11.5,12,14,15.1,16.4,18.8,20.1,21.4,22.7,26.4,29.1,26.9,27.9,29.9,29.1,30.8,32.8,31.8,33.8,33,38.2,39.4,41,42.9,43.6,46.6,48,45.6,46.1,45.3,45.3,63,73.1,67.7,77.2,74.2,71.6,87.4,81.4,105,124,92,94.9,113,112,135
Pakistan,13.9,14.3,14.7,15.2,15.5,15.8,16.1,16.6,17,17.4,17.9,18.4,19.1,19.6,20.2,20.9,21.6,22.3,23.1,23.7,24.5,25.4,26.3,27.9,29.6,32.1,34,36.2,38.3,40.3,42.2,44.7,47.6,50.4,53.2,53.5,55.9,56.6,58.5,60.1,61.8,63.5,65.4,67.2,69.1,73.6,76,78.6,81.4,84.2,87.2,90.2,93.6,96.6,99.9,103,107,111
Panama,15.3,17.3,17.7,18.1,19.4,21,21,21.5,23.2,23.7,26.1,27.5,26.7,27.6,30.1,32.6,32.8,30.7,29.9,32.8,35.9,39.5,40.8,42,43,44.4,44.4,40.9,42.9,46.9,52.1,50.2,51.9,50.5,54.9,57.1,62.6,68.4,64.7,65.9,67,66.9,64.3,66.3,68,70.7,75.4,77.7,81,84.8,91,97.5,97.1,99.5,101,99.3,101,104
Peru,18.2,17.9,17.5,20,20.3,20.4,19.9,20.5,21.6,22.4,24,23.3,23.5,25,26.2,26.9,27.1,26.3,26,26.4,28.5,29.7,31.1,29.2,30.1,30.9,34.6,36.9,32.5,34.3,35.4,36.4,35.5,35.9,38.1,40.4,44.2,45.1,48.5,48.9,49.8,52.5,54.2,55.5,59.7,65.2,68.9,73.8,77.8,81.1,86.4,91.3,94.5,97.7,99.4,103,106,111
Philippines,11.3,12.7,13.4,14.1,15.1,16.8,16.8,17.9,18.7,17.8,18.3,18.4,21.5,26.8,22.3,21.7,22.9,24.2,26.6,28.6,28.7,27.6,29.2,29.6,25.1,27.4,29.4,32,36.1,35.5,40,40.6,43.5,44.7,46.8,50.7,54,56.2,59.1,61.9,65.6,68.3,70,71.2,72.5,77.1,82.7,84.4,85.7,87.6,89.3,92,94.7,95.7,100,104,105,108
Papua New Guinea,28.8,29.6,30.1,30.8,31.3,32.5,33.4,33.9,35.1,35.9,36.5,37.3,37.9,39.2,39.8,40.9,41.7,42,43.3,44.5,45.8,46.8,48.1,49.2,50.5,51.7,52.9,54,55.2,56.4,57.5,59.2,61,62.8,64.5,65.9,67.4,68.8,69.9,71.1,74.3,77.1,79.3,81.4,83.5,88.9,91.4,93.5,94.9,91,95.6,95.8,97.3,98.8,100,101,102,103
Poland,71.5,72.9,71,71.4,75.7,79.3,81.5,83.1,85.3,84.9,85.8,90.7,96.1,104,104,104,104,108,110,106,91.7,94.2,95.6,98.9,102,105,104,105,106,108,98.5,91.4,85.4,79.6,81.7,84.4,84.4,88.3,87.1,83.5,83.1,86.3,88.5,86,87.7,92,95.2,90.9,92.2,94.5,94.4,95.5,94.7,97.8,101,101,111,115
Puerto Rico,79.4,84.5,91.3,93.8,99.7,103,105,105,105,105,110,113,116,116,115,125,131,143,149,133,129,125,125,127,126,139,151,145,149,151,153,146,142,139,140,132,132,133,124,129,121,119,110,117,110,112,114,115,115,118,120,112,108,104,97.1,99.2,102,104
North Korea,29,29.4,30,32.3,32.6,33.8,35.4,36.4,38.2,41.6,44.1,47.1,48.3,52.4,55.5,58.9,62.6,65.9,69.7,73,76,77,81.2,82.6,86.5,89.7,92.7,95.8,96,97,97.8,79.2,70.9,66.3,61.4,55.3,46.3,55.3,65.7,77.2,90,95.9,97.8,98.8,98.5,95.7,93.4,92.7,95,96,101,102,102,99.2,99.5,101,103,101
Portugal,31.6,33.2,33.4,33.8,37.3,38.1,37.2,38.3,43.9,45.2,42.8,43.9,47.6,49.6,53.1,51.5,54.2,56.8,56.6,60.6,64.9,66.2,63.5,60.3,60.8,64.2,71,73.4,79.6,84.4,89.3,91.8,92.8,90.8,92.3,93.5,97.9,101,102,103,101,105,99.5,103,105,99.7,100,105,103,102,101,98.6,95.1,94.6,102,103,102,103
Paraguay,23.6,21.9,20.7,22.6,24.1,24.3,24.7,25.4,24.6,26.3,26.4,26.9,24.9,25.1,23.2,23.9,27.5,27,27.6,27.9,28.3,28,29.5,30.5,31.3,32.3,30.2,35,41.8,45,49.7,52.7,52.1,47.5,45.1,49.2,55.4,57.8,54.7,57.9,58,59.9,54.7,58.3,63.3,72.4,65.3,70,73.6,79.9,81.2,75,88.3,102,97.1,101,103,104
Palestine,,,,,,,,,,,,,,,,,,,,,,,,,,,,,,,,,,69.1,74.5,72,75.8,79.8,92,90.7,92.9,103,106,97.2,104,98.9,91.3,89.9,87.4,87.2,84.2,84.4,80.4,89.9,88.8,88.8,,
French Polynesia,30.3,30.4,31.4,32.1,33.2,35.5,40.1,38.8,40.8,49.9,43.2,43.9,46.4,47.8,50.1,52.1,63.8,63.9,65.6,66.8,64.3,60.3,59.2,69.9,71.8,77.6,76.6,78.2,84.2,86,88,87.6,84.8,87,92.4,81.3,81.9,83.1,91.2,90.9,96.7,91.5,90.8,94.1,96.7,93,98.9,101,108,105,103,107,88.1,105,94.5,101,99.3,103
Qatar,8.15,8.07,8.03,7.92,7.78,7.96,8.29,9.23,9.69,8.95,10,11,12.8,12.9,12.2,11.4,14.9,14.1,14.6,14.6,14.8,14.8,19.8,21.3,23.1,27,28,29.8,39.6,43.9,53.3,59.4,59.8,60.2,67.9,69.4,65.1,57.4,63.1,68.9,55.3,69.3,64,66.1,59.5,58.3,68.2,53.2,78.4,78.8,87.6,94,109,85.5,116,98.2,111,108
Romania,68.2,69.3,61.9,66,70.7,78.8,86.2,88.1,88.3,92.3,93.1,104,114,118,123,130,140,141,151,139,135,126,130,141,137,134,139,135,126,139,138,125,125,128,122,119,117,110,109,104,103,109,119,113,115,115,115,110,111,103,104,98.7,91.8,99.1,100,101,99.2,97.3
Russia,,,,,,,,,,,,,,,,,,,,,,,,,,,,,,,,126,120,109,97.2,89.8,83.9,81.1,75.5,76.5,77.3,80,81.3,79.9,77.8,79.2,81.9,85.3,87.7,89.5,90.4,93.8,94.8,98.3,101,101,104,106
Rwanda,12.2,12.5,13.1,13,13,13.2,14.3,13.7,14.4,15.4,17.4,17.7,19,18.7,22.8,25.4,26,25.2,24.7,27.4,28.6,29.3,28.9,28.5,31.2,31.3,30.6,31.8,32.6,32.9,36.4,35.6,34.6,33.1,28.7,31.8,32.9,36.6,41.1,41.4,45.5,46.8,51.4,55.7,57.5,65.4,69.4,75.7,77.1,90.1,92.4,95.7,99.8,101,101,97.8,95,97.1
Saudi Arabia,7.82,7.19,6.92,6.95,7.04,6.22,8.49,4.96,7.61,8.43,9.53,7.29,10.8,14.8,15,16.3,15.4,15.2,16.6,18.6,18.4,23.2,31,35.6,39.7,45.3,43.4,46,45.2,50.2,46.9,47.8,46.3,47.8,48,49.1,56.6,64.3,61,66.8,78.5,70.2,72.4,73.4,75.2,77.7,80.3,84.4,85.5,95,87.6,84.5,101,96.5,98.4,105,106,110
Sudan,19.4,19.6,20.6,20.4,21,22.1,22.9,24.2,24,24.2,24.6,24.6,26,26.8,27.8,29.4,31.2,33.4,36.5,39.5,42.6,41.3,41.2,37.3,42.5,40.4,38.6,40,42.3,43.8,46.4,49.3,51.6,56.2,60.6,61.6,65.2,71.4,77.7,82.9,88.3,93,97.8,98.9,101,99.7,99.9,102,102,104,104,96.3,97.5,98.8,99.8,101,103,104
Senegal,20.8,22.5,24.8,26.4,27.3,28.9,31.3,32,33.4,33.4,34.5,34.2,32.9,30.2,32.3,33.5,34.8,36.7,36.8,35.4,38.5,39.5,38.2,37.6,40.6,46.5,47.5,47.4,49.5,50.9,53.4,52.5,53.6,54.6,53,52.5,54,53.5,56.8,61.2,62.4,57.5,61.8,61.9,67,70.5,66.5,71.9,77.8,81.3,81.5,95.7,106,99.1,99.8,101,102,104
Singapore,345,344,340,345,363,378,385,415,542,540,609,707,716,746,835,918,936,921,938,966,909,873,883,876,752,682,604,460,457,443,377,308,201,149,147,117,160,139,148,59.1,59.3,80.5,86.8,98.5,73.8,76.1,80.7,72.7,71.8,73.1,81.4,85,95.4,93.4,98.1,108,142,114
Solomon Islands,22.6,23.3,25,25.6,28.3,30.9,33.7,36.1,39.5,43.5,45.4,47.9,52.3,56.5,59.1,66.5,69,70.4,70.4,69.2,68.2,71,70.4,71.1,72.7,74.8,66.7,66.1,67,67.7,78.4,78.6,80.6,79.1,81,81.8,77.4,83.7,83.1,83.5,85.3,88.3,89.2,91.8,92.6,94,96.2,97.3,98.5,98,97.7,98.7,99.6,100,101,99.2,101,99.9
Sierra Leone,14.8,15.6,16.4,16.9,17.8,18.1,18.8,19.3,19.3,19.3,19.5,19.9,20.5,20.9,21.6,22.1,22.9,23.6,24.5,25.4,26.5,27.6,26.9,26,26.5,27.4,28.7,28.7,29.2,29.6,46.6,48.4,50.1,51.7,51.3,47.5,44.6,44.7,39.9,35,24.8,25.5,31.5,37,45.3,57.2,58.6,67,79.5,86.5,92.1,93.2,95.8,101,99.4,99.6,99.7,99.1
El Salvador,29.7,30,32.1,30.1,31.3,32.9,33.2,32.1,33.8,33.6,34,36.3,38.9,43.8,43.8,52.9,49.7,54.7,54.5,53.7,47.3,45.3,42.3,46.2,49.6,51.2,50,54.5,59.3,58.9,60.8,61.1,63.5,63.6,62.8,63.4,72.8,71.2,71.5,81.7,77.3,85.4,80.9,83.6,90.9,95,97.9,96.3,98.1,96.7,92.6,94.7,92.5,98.9,101,100,97,88
Somalia,51.2,53.2,56.3,58.6,60.3,62.9,65.6,69.5,70.8,72,71.7,75,72.6,69.3,76.8,77.7,82.7,86.5,88.1,93.1,93.9,96.8,94.4,92.3,98.2,96.8,104,107,107,100,83.1,71.3,78.6,87.2,89.5,92.6,93.4,96.9,91.5,93.8,98.8,101,102,104,107,102,101,98.6,98.3,108,109,110,110,100,101,98.3,97.4,96.7
Serbia,,,,,,,,,,,,,,,,,,,,,,,,,,,,,,,,,,,,,,,,,,,,,,95.2,99.6,98,96.3,97.4,95.2,98.6,98.1,101,98.7,101,98.9,103
South Sudan,,,,,,,,,,,,,,,,,,,,,,,,,,,,,,,,,,,,,,,,,,,,,,,,,,,,95.9,98.5,101,98.9,99.8,103,102
Sao Tome and Principe,32.5,34.9,37.3,27.9,25.6,26.3,25.7,32.2,27.5,25.6,29.2,24.1,31.7,22.6,26.8,34.3,29,29.3,28.1,28.3,31.5,33,33.8,34.9,36.1,36.3,37.5,37.6,38.5,38.7,55.4,64.6,62.4,62.8,63.1,68.2,70.5,72.6,76.3,83.2,86.4,89.8,92.5,93.3,95.9,92.1,102,98.7,105,107,86,87.6,89.4,103,102,95,107,101
Suriname,38.8,39.9,37,40.8,41.9,45.7,48.2,52.2,54.4,51.5,50.8,45.6,53.6,55.4,71.4,62.5,56.2,66.2,74.3,77.5,76.5,82.4,84.9,93.8,107,98.6,101,110,121,130,119,114,103,76.8,75.1,69.8,81.3,70,74.3,74,77.5,77.9,76.8,81.2,89.1,87.1,109,91.2,110,114,106,110,92.4,95.9,99.5,105,110,107
Slovak Republic,,,,,,,,,,,,,,,,,,,,,,,,,,,,,,,,,225,210,201,206,202,194,189,166,158,170,169,155,157,153,152,142,131,126,119,118,118,104,96,100,101,102
Slovenia,,,,,,,,,,,,,,,,,,,,,,,,,,,,,,,,89.1,110,117,116,105,106,109,109,98.6,119,125,126,117,111,113,111,114,108,106,103,101,95.8,97.3,99.1,104,104,103
Sweden,102,105,104,101,101,103,99.4,98.7,98,93.3,91.2,92.1,92.4,97.4,98.8,102,102,104,107,110,111,115,115,116,115,109,103,103,107,107,98.9,98.1,104,107,107,106,109,108,109,106,105,106,104,105,102,101,98.7,98.9,99.3,98.9,98.6,95.3,96.4,99.3,101,99.4,99.2,99.4
Eswatini,75.3,82.3,87.5,74.1,61.1,69.4,67.5,65.8,61.8,67.8,70.3,79.2,78.4,78,81.5,83.4,77,85.6,89.6,92.2,86.1,88.5,93.7,78.5,83.6,88.7,95.2,79.5,81,78.4,86.8,94.2,99,92,91.6,89.4,72.8,72.6,67.5,79.2,72.2,85.7,86,80,90.7,95.4,92.3,95.5,97,98.5,101,104,104,99.2,100,100,101,100
Seychelles,25,24,26.5,26.7,27.9,30.5,31.2,33.3,34.7,38.8,43.3,53.3,58.9,66.7,70.4,74.9,69.4,75.3,84,99.2,107,89.1,101,112,123,132,127,124,151,152,152,153,162,180,210,191,227,205,207,191,159,156,157,132,124,114,128,126,116,119,135,99.5,90.2,100,84.5,115,87.5,104
Syria,16.5,18.3,23.5,24.6,27.4,27.5,25.7,26.5,27.4,24.7,23.7,24.1,22.4,26.5,29.4,30.4,32.4,38.7,45.3,48.1,54.6,59.1,61.2,58.6,57.4,59.6,58.9,65.5,66.3,69.2,70.5,68.2,57.6,63,73.6,77.3,82.3,89.7,90.6,93.6,89.4,87.6,98.8,109,116,125,131,121,118,109,120,114,107,102,97.7,100,98.8,97.9
Chad,12.1,12.5,12.5,12.7,12.7,13.5,13.2,13.4,12.9,13.1,13.1,13.6,11.7,10.6,11.9,12.7,13.1,14.4,15.4,15.8,16.1,16.5,15.8,12.5,12.9,15.4,16.1,16.6,17,17.4,25.8,27.2,28.7,30.2,32,33.8,35.8,37.8,39.9,42.1,44.4,46.9,49.6,52.4,55.3,58.4,61.7,65.3,69.1,73.1,77.2,81.5,86.2,92.4,101,106,114,116
Togo,15.7,16.1,17.1,16.9,17.7,18.1,18.3,18.9,18.4,19.1,18.4,20.6,20.9,21.8,22.9,23.3,23.2,24.1,22.9,20.5,20.9,23,22.2,23.8,25,29.6,30.8,35.7,36.5,39.6,43.8,41.4,41.1,41.4,37.1,40.2,45.5,48.4,51.7,56.2,58,59.6,61.9,64.5,70.4,72.6,74.6,79.4,86.4,89.6,91.9,87.8,91.6,98.3,99.3,102,101,101
Thailand,23.2,23.7,24.1,25.3,25.8,26.8,27.5,28.4,29.4,30.6,29.6,30.1,32.9,33,34,34.4,36,40.7,38.4,38.1,40.5,41.4,42,43,47,45.8,47.6,47,50.4,58.5,65,73.1,74.2,73.5,73.1,74.3,74.4,73,69.6,68.8,69.1,73,77.5,66.3,72.8,77.5,82,81.5,82.6,86.6,87.1,94.8,97,100,99,101,96.4,104
Tajikistan,,,,,,,,,,,,,,,,,,,,,,,,,,,,,,,,60.7,45.7,44.2,41.2,31.3,30.2,27.1,29.3,29.6,34.5,39.9,46.2,49.9,54.9,55.9,59.8,63.7,67.5,71.3,75.4,80.1,91,98,99.9,102,106,109
Turkmenistan,,,,,,,,,,,,,,,,,,,,,,,,,,,,,,,,28.6,35.5,36,37.3,38.6,38.2,41.9,45.1,50.4,58.1,66.2,71.6,70.5,78.9,80.9,97.6,96.1,99.6,95.1,95.7,101,100,98.8,101,100,99,94.3
Timor-Leste,95.5,95.4,96.9,109,111,111,109,109,108,110,113,115,114,112,106,90.7,82.2,78.7,69.3,62.5,63,64.1,65.7,69,75.5,76.7,76.6,77.6,78,82.2,82,85.8,89,80.5,80.8,68.9,84.2,85.2,70,68.2,69.1,78.1,76.8,76.3,77.6,80.3,83.3,86.4,88.9,90.5,93.9,97.8,94.2,93.3,103,103,103,104
Tonga,21.1,26.5,27.9,31.6,31,34.7,33.9,36.5,37.6,38.2,42.5,42.1,43.3,47.2,59.2,66.5,61.1,69.7,71.2,74.2,80.4,78,73,72.7,75.5,83.8,86.8,89.9,89.8,86.2,85.7,86.4,83.8,82.9,84.5,86.5,79.3,85.9,88.2,92.5,91.1,91.7,91.4,90.5,90.7,93.1,96.4,94.8,94.9,95,95.3,98.9,98.3,99.8,100,100,100,101
Trinidad and Tobago,21,21.6,22.8,26.1,28.2,32,34.9,36.7,39.4,42.6,42.4,43.8,43.7,44.6,53.5,49.8,57.4,58.7,51.5,50.1,52.3,68,64.6,64.8,63.7,58.7,59.1,56.5,51.8,53.7,55,52.1,59.5,54.3,59.4,60.1,55.5,52.9,58.7,73.1,86.2,105,101,101,102,87.6,96.2,96.1,107,116,112,114,113,113,84.7,102,108,110
Tunisia,17,16.5,16.6,17.7,19.1,21.1,21.2,19.6,19.7,18.2,19.3,21.2,23.7,24.4,27.2,30.3,31.8,29.4,24.1,27.6,29.9,30.1,33.2,33.6,38.7,40.4,42.5,44.5,44.5,45.4,45.3,47.1,50.3,52.4,54.9,57.4,60.1,65,70.6,74,76.6,78.2,73.8,73.3,75.7,75.5,80.8,80.9,80.2,83.4,83.2,88.1,90.7,96.8,101,102,99.7,100
Turkey,27.1,27.7,27.8,27.7,28.2,29.3,29.5,29.8,30.8,30.8,31.4,31.4,32.6,34,36.1,36.2,37.5,38.3,37.4,38,41.1,40.5,39.8,46.8,46,49.8,47,48.3,48.8,48.3,48.6,48.2,49.1,50.6,47.1,49.2,51.7,51.8,53,52.7,49.4,48,53.7,55.2,56.3,57.9,62.8,61.6,62.9,70.9,75.4,86.5,93.7,98.4,101,100,104,103
Tuvalu,19.6,19.6,19.6,19.6,19.6,19.6,19.6,19.6,19.6,19.6,19.6,19.6,19.6,19.6,19.6,19.6,24.7,24.7,25.4,26.2,27.2,28.9,27.4,37.2,46.8,33.7,31.4,39.3,40.8,36.9,74.7,75.2,64,67.1,67.1,69.5,82.2,84.1,84.5,86,87,89.3,89,89,88.1,88.1,93.9,94,97.7,94.7,95.3,97,97.1,98.7,100,101,102,103
Tanzania,20.8,20.9,21.9,22,22.6,24.7,25.7,25.8,26.5,27.8,28.8,26.9,26,27.1,28.3,29.6,31.7,32.5,32.8,32,34.1,35.5,36.2,37.6,39.8,41.4,42.2,44.7,46.3,47.6,52.1,53.7,55.8,55.6,61.6,54.2,54.8,56.5,66,62.3,57.7,59.6,61.7,64.9,71,72.1,68.8,75.2,77.8,81.4,87.9,93.5,96.7,101,104,95.6,95.9,97.5
Uganda,20,18.9,18.8,18.7,19,19.6,20.2,20.5,21.6,23,23.4,24.1,25.1,25.8,26.8,27.2,29.2,31.9,32.5,30.3,30.3,31.1,31.7,32.5,33.5,28.7,28,29.8,33.7,38.2,42.2,43.1,45,43.6,44.6,45.3,46,47.8,49.3,50.6,52.6,59.6,68.1,71.7,75.5,77.9,82.5,83.5,86.9,88.6,91.7,93.3,96.6,95.2,99.7,105,108,110
Ukraine,,,,,,,,,,,,,,,,,,,,,,,,,,,,,,,,177,157,154,138,126,111,105,104,99.8,98.5,105,106,102,101,103,101,97.9,97.8,99.8,100,101,106,104,98.9,97.1,97.7,97.6
Uruguay,58,57.9,60.4,70.3,60.8,56.6,53.7,66.8,67.5,74.9,62.3,59.1,57.4,62.6,63.8,70.2,62.7,59.4,54.2,62.9,72.6,74.3,81.1,62.6,65.5,67.3,63.5,70.1,76.2,72.5,70.8,72,71,78.3,74,83.6,90,90,90,87.7,73.3,78.9,78.6,88.1,102,104,97,97.8,94.6,97.5,97,99,97,101,98.8,100,104,105
United States,51.4,51.5,53.2,56.3,55.5,56.8,58.3,58.8,59.1,60.4,61.7,62,59.1,62.4,62.3,66.3,66,65,63.6,65.4,66.8,66.5,68.5,68.5,70.1,71.1,71.3,72.8,72.7,73.1,73.3,75.3,75.6,77.8,79.7,81.7,83,84.3,86.8,88.5,89.2,89.5,91.5,91.4,90.7,91.5,94.4,97,96.2,96.3,97.8,98.5,98.8,99,98.6,102,105,108
Uzbekistan,,,,,,,,,,,,,,,,,,,,,,,,,,,,,,,,40.7,43.7,43.3,42.6,39.5,40,42.2,40.5,42,42.5,43.5,47.7,50.2,53.2,57,58,62,66.2,70.6,76.3,81.9,88.1,94,101,105,99,110
St. Vincent and the Grenadines,55.8,57.6,59.9,62.5,69.8,81.8,70.4,66.2,66.3,67.7,68.7,70.5,74,75.3,81.7,81.6,84.5,85.2,86.7,89,93.1,97.2,103,109,107,107,106,115,111,105,101,101,102,104,103,100,102,99.4,102,98.7,101,98.6,92.4,93.3,97.7,97.4,106,110,115,108,102,98.2,104,99.7,100,99.9,100,97.1
Venezuela,18.7,19.5,20.7,22.7,23.9,26.2,27.4,28.4,32,32.8,34.8,36.1,38.5,39,42.9,42.8,42.8,48,50.6,55.6,57.8,58.8,63.7,61.8,65.5,64.9,62.2,68.2,65.8,72.3,62.9,68.2,74,67.8,67.7,72.6,79.3,77.7,80.9,87,92.3,93.8,84.8,75.3,86.2,92.8,94,98.1,102,104,120,111,104,103,101,95.5,79.5,80.6
British Virgin Islands,136,134,115,80.4,81.6,95.5,71.5,79.3,64.3,62.5,66.2,67.2,68.5,72.8,72.9,76.2,77.4,76.1,76.2,77.6,78.2,81.1,81.1,84.9,86.5,88,87.5,90.1,89.7,91,94,97,99.4,99.4,94.2,99.4,99.4,99.4,99.4,99.4,99.4,99.4,99.7,99.7,99.7,100,108,96.1,95.8,96.2,95.8,95.3,95,99,100,100,100,100
Virgin Islands (U.S.),84.1,63.9,66.3,70.1,74.9,70.4,101,131,142,131,120,106,114,108,111,113,118,123,123,125,126,129,129,130,126,128,78.1,96.4,95.3,88.5,95.5,96.8,90.7,91.5,91,92.3,91.9,93.6,90.1,90,89.3,101,96.2,96.5,97.7,102,103,102,105,106,112,102,101,99.7,98.3,102,101,101
Vietnam,8.75,9.06,9.33,9.4,9.89,10.2,10.4,10.3,10.1,10.2,10.3,10.7,10.7,10.5,9.76,9.85,10,10.4,11,11.5,14,15.6,17.5,18.4,19.3,20.1,21.9,22,23.3,23.9,24.1,25.9,27.3,29.3,30,31.8,34.8,36.6,39.2,42.3,45.1,48.9,52.8,60.8,62.2,69.3,71.1,77.7,85.7,85.5,88.5,90.5,92.1,95.6,99.3,105,109,113
Vanuatu,28.8,31.2,34.1,36.7,38.7,41.7,43.6,44.6,46.2,48.5,54.8,56,58,60.8,64.3,69.2,55.1,59.4,58.7,58.4,59,58.1,65.1,65.1,66.6,62.6,74.5,70.2,68.3,77.5,86.9,85.6,92.7,99.9,97,94.3,97.2,92.4,98.8,97.3,85,76.4,86.9,84.7,89.6,89.3,95.8,101,88.7,103,99.1,103,102,96.7,101,102,101,102
Samoa,29.3,32,37.1,40.5,42,38,38.1,41.7,43.9,40.2,41.1,38.2,41.4,39.6,40.4,44.1,47.7,50.2,51.2,58.4,54.4,60.1,62.4,67.8,71.9,72,79,80.4,88.6,90.8,87.7,84.2,80.3,86.8,78.3,84.4,84,84.7,85.7,87.1,92.3,88.2,90.2,90.4,90.6,89.6,85.3,83.5,85.1,90.3,91.3,91.5,93.4,103,96.2,101,103,103
Yemen,15.6,15.7,15.9,16.1,16.3,15.9,16.4,14.9,13.3,13.2,14.7,14.6,14.8,16.2,17.3,16.4,17.9,18.8,19.5,20.9,21.1,21.7,22.3,23.8,25.6,26.9,25.6,30.1,29.6,26.7,29.2,30.4,32.8,34,33.4,35.8,37.6,38.4,39.6,43.2,48.8,49,53.4,51.9,51.2,52.3,55,65.1,70.6,74.1,81.4,85.2,94.6,106,100,93.6,92.8,98.6
South Africa,34.6,35,35.4,35.4,38.7,39,37.5,38.5,41.1,40.1,39.6,42.6,41.8,40.6,42.9,43.8,45.3,46.8,49.5,48,45.5,49.5,51,51.5,51.7,49.1,49.6,48.6,48.8,55.3,59.3,58.6,55.5,50.5,50,49.6,62.1,51.7,55.7,56.8,58.3,59,61.9,64.6,68.6,73.1,77.6,80.3,80.8,86.9,85.3,87.1,93.5,98.5,101,100,95.5,97.6
Zambia,12.6,12.6,12.9,13.5,14.2,15,15.6,16.5,16.7,17.4,17,18,18.8,19.2,21.2,23,23.3,23,23.2,24,23.8,25,23.4,22,24,24.6,25.2,25.8,26.7,34.1,45.1,45,45.5,43.3,42.2,41.8,42.6,44.7,47.4,48.3,50.4,53.1,53.5,52.6,54.2,53,55,63.1,78.5,90.4,91.8,97.7,108,112,94.2,94,112,109
Zimbabwe,38.2,38.5,38.9,38.1,39.2,45.1,40.7,43.6,46.5,51.8,61.5,71.1,76.5,63.7,63.1,70.4,75.8,73.8,67.3,58.3,54.3,58.7,60.1,64.6,63.3,60.3,67,66.2,64.5,69.9,68.3,73,63.5,61.3,63.8,65,67.5,74.1,80.5,85.9,93.3,85.8,88.5,90.8,91.5,92.4,94.1,95,97.5,103,104,106,107,96.7,102,101,103,104
